Campaign,Spend,ROI
Camp_1,2585,132.25
Camp_2,8555,328.75
Camp_3,2021,134.05
Camp_4,4843,195.15
Camp_5,7873,336.65000000000003
Camp_6,1161,147.05
Camp_7,1995,12.75
Camp_8,8629,520.45
Camp_9,7439,352.95000000000005
Camp_10,1878,45.900000000000006
Camp_11,5887,347.35
Camp_12,5859,379.95
Camp_13,9571,418.55
Camp_14,6276,227.8
Camp_15,1064,41.2
Camp_16,9006,358.3
Camp_17,6463,351.15000000000003
Camp_18,3027,186.35
Camp_19,6258,292.90000000000003
Camp_20,1391,131.55
